{
  "project_info": {
    "project_number": "37829564517",
    "project_id": "chatapp-5b553",
    "storage_bucket": "chatapp-5b553.appspot.com"
  },
  "client": [
    {
      "client_info": {
        "mobilesdk_app_id": "1:37829564517:android:7868a74730b46b5d2d8e8c",
        "android_client_info": {
          "package_name": "com.example.chatapp"
        }
      },
      "oauth_client": [],
      "api_key": [
        {
          "current_key": "AIzaSyDrrGucM45uFJ-UyfOHJ27EbxLLS55Oo1c"
        }
      ],
      "services": {
        "appinvite_service": {
          "other_platform_oauth_client": []
        }
      }
    }
  ],
  "configuration_version": "1"
}